work_id,source_row,source_code,name,path,class_id,rule_id,is_group,code_repaired,mapping_note
R004,4,10,Подготовка территории,Подготовка территории,C01,earth,True,False,
R005,5,10.1,Отселение домов в пятне застройки,Подготовка территории / Отселение домов в пятне застройки,C10,none,False,True,
R006,6,10.2,Вынос инженерных систем из пятна застройки (ЦТП/ТП/сети),Подготовка территории / Вынос инженерных систем из пятна застройки (ЦТП/ТП/сети),C06,network,True,True,Вынос наружных сетей до основных работ.
R007,7,,Вынос сетей: теплосеть (ЦТП),Подготовка территории / Вынос инженерных систем из пятна застройки (ЦТП/ТП/сети) / Вынос сетей: теплосеть (ЦТП),C06,network,False,False,Вынос наружных сетей до основных работ.
R008,8,,Вынос сетей: теплосеть (сети),Подготовка территории / Вынос инженерных систем из пятна застройки (ЦТП/ТП/сети) / Вынос сетей: теплосеть (сети),C06,network,False,False,Вынос наружных сетей до основных работ.
R009,9,,Вынос сетей: теплосеть,Подготовка территории / Вынос инженерных систем из пятна застройки (ЦТП/ТП/сети) / Вынос сетей: теплосеть,C06,network,False,False,Вынос наружных сетей до основных работ.
R010,10,,Вынос сетей: водоснабжение,Подготовка территории / Вынос инженерных систем из пятна застройки (ЦТП/ТП/сети) / Вынос сетей: водоснабжение,C06,network,False,False,Вынос наружных сетей до основных работ.
R011,11,,Вынос сетей: Х/Б канализация,Подготовка территории / Вынос инженерных систем из пятна застройки (ЦТП/ТП/сети) / Вынос сетей: Х/Б канализация,C06,network,False,False,Вынос наружных сетей до основных работ.
R012,12,,Вынос сетей: ливневая канализация,Подготовка территории / Вынос инженерных систем из пятна застройки (ЦТП/ТП/сети) / Вынос сетей: ливневая канализация,C06,network,False,False,Вынос наружных сетей до основных работ.
R013,13,,Вынос сетей: газоснабжение,Подготовка территории / Вынос инженерных систем из пятна застройки (ЦТП/ТП/сети) / Вынос сетей: газоснабжение,C06,network,False,False,Вынос наружных сетей до основных работ.
R014,14,,Вынос сетей: электроснабжение (ТП),Подготовка территории / Вынос инженерных систем из пятна застройки (ЦТП/ТП/сети) / Вынос сетей: электроснабжение (ТП),C06,network,False,False,Вынос наружных сетей до основных работ.
R015,15,,Вынос сетей: электроснабжение (сети),Подготовка территории / Вынос инженерных систем из пятна застройки (ЦТП/ТП/сети) / Вынос сетей: электроснабжение (сети),C06,network,False,False,Вынос наружных сетей до основных работ.
R016,16,,Вынос сетей: электроснабжение,Подготовка территории / Вынос инженерных систем из пятна застройки (ЦТП/ТП/сети) / Вынос сетей: электроснабжение,C06,network,False,False,Вынос наружных сетей до основных работ.
R017,17,,Вынос сетей: сети связи (КП МПТЦ),Подготовка территории / Вынос инженерных систем из пятна застройки (ЦТП/ТП/сети) / Вынос сетей: сети связи (КП МПТЦ),C06,network,False,False,Вынос наружных сетей до основных работ.
R018,18,,Вынос сетей: сети связи,Подготовка территории / Вынос инженерных систем из пятна застройки (ЦТП/ТП/сети) / Вынос сетей: сети связи,C06,network,False,False,Вынос наружных сетей до основных работ.
R019,19,10.3,Снос домов в пятне застройки,Подготовка территории / Снос домов в пятне застройки,C01,earth_haul,False,True,
R020,20,10.4,Снос нежилых объектов в пятне застройки,Подготовка территории / Снос нежилых объектов в пятне застройки,C01,earth_haul,False,True,
R021,21,10.5,Вырубка зеленых насаждений,Подготовка территории / Вырубка зеленых насаждений,C01,none,False,True,Вырубка может выполняться ручным инструментом; заданная тяжёлая техника не обязательна.
R022,22,10.6,Пересадка зеленых насождений,Подготовка территории / Пересадка зеленых насождений,C01,none,False,True,Технология может не требовать тяжёлой техники.
R023,23,10.7,Проверка посадки здания,Подготовка территории / Проверка посадки здания,C10,none,False,True,
R024,24,10.8,Демонтаж ж/б перекрытий,Подготовка территории / Демонтаж ж/б перекрытий,C01,lift,False,True,
R025,25,10.9,Погрузка строительного мусора,Подготовка территории / Погрузка строительного мусора,C01,earth_haul,False,True,
R026,26,10.10,Устройство геодезических знаков,Подготовка территории / Устройство геодезических знаков,C10,none,False,True,
R027,27,10.11,Обустройство строительной площадки,Подготовка территории / Обустройство строительной площадки,C01,earth,True,True,
R028,28,10.11.1,Устройство ограждения строительной площадки,Подготовка территории / Обустройство строительной площадки / Устройство ограждения строительной площадки,C01,none,False,False,Технология может не требовать тяжёлой техники.
R029,29,10.11.2,Устройство временных инженерных сетей,Подготовка территории / Обустройство строительной площадки / Устройство временных инженерных сетей,C06,network,False,False,
R030,30,10.11.3,Устройство временных внутриплощадочных и подъездных дорог,Подготовка территории / Обустройство строительной площадки / Устройство временных внутриплощадочных и подъездных дорог,C08,road,False,False,"Временная дорога на подготовительном этапе, не признак позднего благоустройства."
R031,31,10.11.4,Возведение хозяйственно-бытового городка,Подготовка территории / Обустройство строительной площадки / Возведение хозяйственно-бытового городка,C01,lift,False,False,
R032,32,10.12,Организация движения согласно ПОДД на период строительства,Подготовка территории / Организация движения согласно ПОДД на период строительства,C10,none,False,True,
R033,33,10.13,Оснащение стройплощадки оборудованием по 299-ПП,Подготовка территории / Оснащение стройплощадки оборудованием по 299-ПП,C10,none,True,False,
R034,34,10.13.1,Видеокамеры для обзора территории стройплощадки (тип 1),Подготовка территории / Оснащение стройплощадки оборудованием по 299-ПП / Видеокамеры для обзора территории стройплощадки (тип 1),C10,none,False,False,
R035,35,10.13.2,Видеокамеры для установки на КПП в зоне входа/выхода на стройплощадку (тип 2),Подготовка территории / Оснащение стройплощадки оборудованием по 299-ПП / Видеокамеры для установки на КПП в зоне входа/выхода на стройплощадку (тип 2),C10,none,False,False,
R036,36,10.13.3,Видеокамеры для обзора зоны въезда/выезда на стройплощадку с распознаванием гос. номера ТС (тип 3),Подготовка территории / Оснащение стройплощадки оборудованием по 299-ПП / Видеокамеры для обзора зоны въезда/выезда на стройплощадку с распознаванием гос. номера ТС (тип 3),C10,none,False,False,
R037,37,10.13.4,Установка датчиков шума (тип 4) (при необходимости),Подготовка территории / Оснащение стройплощадки оборудованием по 299-ПП / Установка датчиков шума (тип 4) (при необходимости),C10,none,False,False,
R038,38,10.14,Оснащение стройплощадки системой СКУД с Face ID,Подготовка территории / Оснащение стройплощадки системой СКУД с Face ID,C10,none,True,False,
R039,39,10.14.1,Закупка оборудования,Подготовка территории / Оснащение стройплощадки системой СКУД с Face ID / Закупка оборудования,C10,none,False,False,
R040,40,10.14.2,Установка оборудования СКУД с FaceID,Подготовка территории / Оснащение стройплощадки системой СКУД с Face ID / Установка оборудования СКУД с FaceID,C10,none,False,False,
R041,41,10.14.3,Интеграция с ЕЦХД,Подготовка территории / Оснащение стройплощадки системой СКУД с Face ID / Интеграция с ЕЦХД,C10,none,False,False,
R042,42,10.14.4,Проведение работ по интеграционному тестированию,Подготовка территории / Оснащение стройплощадки системой СКУД с Face ID / Проведение работ по интеграционному тестированию,C10,none,False,False,
R043,43,12,Выполнение строительно-монтажных работ,Выполнение строительно-монтажных работ,G00,none,True,False,Сводный раздел включает разные классы. Нужна конкретная работа.
R044,44,12.1,Сборка и подготовка устройства ТПМК,Выполнение строительно-монтажных работ / Сборка и подготовка устройства ТПМК,C09,none,False,True,ТПМК не относится к заданным типам техники.
R045,45,12.2,Проходка тоннелей с монтажем ж/б обделки,Выполнение строительно-монтажных работ / Проходка тоннелей с монтажем ж/б обделки,C09,none,False,True,ТПМК не относится к заданным типам техники.
R046,46,12.3,Устройство подземной части,Выполнение строительно-монтажных работ / Устройство подземной части,G00,none,True,True,Сводный раздел включает разные классы. Нужна конкретная работа.
R047,47,12.3.1,Устройство котлована,Выполнение строительно-монтажных работ / Устройство подземной части / Устройство котлована,C02,earth_haul,False,False,
R048,48,12.3.2,Устройство свай,Выполнение строительно-монтажных работ / Устройство подземной части / Устройство свай,C03,pile,False,False,
R049,49,12.3.3,Устройство основания,Выполнение строительно-монтажных работ / Устройство подземной части / Устройство основания,C02,base,False,False,
R050,50,12.3.4,Устройство фундамента,Выполнение строительно-монтажных работ / Устройство подземной части / Устройство фундамента,C04,concrete_cycle,True,False,
R051,51,,Устройство свайного фундамента (при необходимости),Выполнение строительно-монтажных работ / Устройство подземной части / Устройство фундамента / Устройство свайного фундамента (при необходимости),C03,pile,False,False,
R052,52,,Устройство песчаной подготовки,Выполнение строительно-монтажных работ / Устройство подземной части / Устройство фундамента / Устройство песчаной подготовки,C02,base,False,False,
R053,53,,Устройство щебеночного основания,Выполнение строительно-монтажных работ / Устройство подземной части / Устройство фундамента / Устройство щебеночного основания,C02,base,False,False,
R054,54,,Устройство бетонной подготовки,Выполнение строительно-монтажных работ / Устройство подземной части / Устройство фундамента / Устройство бетонной подготовки,C04,concrete,False,False,
R055,55,,Устройство монолитных ж/б плит перекрытия/покрытия,Выполнение строительно-монтажных работ / Устройство подземной части / Устройство фундамента / Устройство монолитных ж/б плит перекрытия/покрытия,C04,concrete_cycle,False,False,
R056,56,,Устройство фундаментной плиты,Выполнение строительно-монтажных работ / Устройство подземной части / Устройство фундамента / Устройство фундаментной плиты,C04,concrete_cycle,False,False,
R057,57,,Устройство фундамента под башенный кран,Выполнение строительно-монтажных работ / Устройство подземной части / Устройство фундамента / Устройство фундамента под башенный кран,C04,concrete_cycle,False,False,
R058,58,,Армокаркас,Выполнение строительно-монтажных работ / Устройство подземной части / Устройство фундамента / Армокаркас,C04,lift_optional,False,False,
R059,59,12.3.5,"Ограждающие конструкции (СВГ,БСС)","Выполнение строительно-монтажных работ / Устройство подземной части / Ограждающие конструкции (СВГ,БСС)",C03,pile_support,True,False,
R060,60,,"Устройство скважины интервала (бурение, разработка, погружение каркаса, бетонирование)","Выполнение строительно-монтажных работ / Устройство подземной части / Ограждающие конструкции (СВГ,БСС) / Устройство скважины интервала (бурение, разработка, погружение каркаса, бетонирование)",C03,pile,False,False,
R061,61,,Закрепление грунтов,"Выполнение строительно-монтажных работ / Устройство подземной части / Ограждающие конструкции (СВГ,БСС) / Закрепление грунтов",C03,pile_support,False,False,
R062,62,,Обвязочная балка,"Выполнение строительно-монтажных работ / Устройство подземной части / Ограждающие конструкции (СВГ,БСС) / Обвязочная балка",C04,concrete_cycle,False,False,
R063,63,12.3.6,Устройство ограждающих конструкций котлована,Выполнение строительно-монтажных работ / Устройство подземной части / Устройство ограждающих конструкций котлована,C03,pile_support,False,False,
R064,64,12.3.7,Земляные работы,Выполнение строительно-монтажных работ / Устройство подземной части / Земляные работы,C02,base,True,False,
R065,65,,Разработка грунта,Выполнение строительно-монтажных работ / Устройство подземной части / Земляные работы / Разработка грунта,C02,earth_haul,False,False,
R066,66,,Обратная засыпка,Выполнение строительно-монтажных работ / Устройство подземной части / Земляные работы / Обратная засыпка,C02,base,False,False,
R067,67,,Планировка грунта,Выполнение строительно-монтажных работ / Устройство подземной части / Земляные работы / Планировка грунта,C02,earth,False,False,
R068,68,,Уплотнение грунта,Выполнение строительно-монтажных работ / Устройство подземной части / Земляные работы / Уплотнение грунта,C02,compact,False,False,
R069,69,,Распорная система,Выполнение строительно-монтажных работ / Устройство подземной части / Земляные работы / Распорная система,C04,lift,False,False,Кран — косвенный признак доставки или установки. Вязка арматуры вручную не наблюдается.
R070,70,,Шпунтовое ограждение,Выполнение строительно-монтажных работ / Устройство подземной части / Земляные работы / Шпунтовое ограждение,C03,pile_support,False,False,
R071,71,,"Устройство шпунтового ограждения котлована, устройство деревянной забирки","Выполнение строительно-монтажных работ / Устройство подземной части / Земляные работы / Устройство шпунтового ограждения котлована, устройство деревянной забирки",C03,pile_support,False,False,
R072,72,,Выемка грунта котлована,Выполнение строительно-монтажных работ / Устройство подземной части / Земляные работы / Выемка грунта котлована,C02,earth_haul,False,False,
R073,73,,Разработка грунта с креплением котлована,Выполнение строительно-монтажных работ / Устройство подземной части / Земляные работы / Разработка грунта с креплением котлована,C02,earth_haul,False,False,
R074,74,,Буронабивные сваи,Выполнение строительно-монтажных работ / Устройство подземной части / Земляные работы / Буронабивные сваи,C03,pile,False,False,
R075,75,,Буроинъекционные сваи,Выполнение строительно-монтажных работ / Устройство подземной части / Земляные работы / Буроинъекционные сваи,C03,pile,False,False,
R076,76,,Песчаное основание,Выполнение строительно-монтажных работ / Устройство подземной части / Земляные работы / Песчаное основание,C02,base,False,False,
R077,77,,Обратная засыпка грунтом,Выполнение строительно-монтажных работ / Устройство подземной части / Земляные работы / Обратная засыпка грунтом,C02,base,False,False,
R078,78,,Обратная засыпка песком,Выполнение строительно-монтажных работ / Устройство подземной части / Земляные работы / Обратная засыпка песком,C02,base,False,False,
R079,79,12.3.8,Основание нижнего слоя дорожной одежды (в т.ч. Песчано-подстилающий слой),Выполнение строительно-монтажных работ / Устройство подземной части / Основание нижнего слоя дорожной одежды (в т.ч. Песчано-подстилающий слой),C08,road,True,False,
R080,80,,Устройство нижнего слоя основания дорожной одежды,Выполнение строительно-монтажных работ / Устройство подземной части / Основание нижнего слоя дорожной одежды (в т.ч. Песчано-подстилающий слой) / Устройство нижнего слоя основания дорожной одежды,C08,road,False,False,
R081,81,,Планировка нижнего слоя основания дорожной одежды,Выполнение строительно-монтажных работ / Устройство подземной части / Основание нижнего слоя дорожной одежды (в т.ч. Песчано-подстилающий слой) / Планировка нижнего слоя основания дорожной одежды,C08,earth,False,False,
R082,82,,Уплотнение нижнего слоя основания дорожной одежды,Выполнение строительно-монтажных работ / Устройство подземной части / Основание нижнего слоя дорожной одежды (в т.ч. Песчано-подстилающий слой) / Уплотнение нижнего слоя основания дорожной одежды,C08,compact,False,False,
R083,83,12.3.9,"Монолитные работы ниже отметки""0""","Выполнение строительно-монтажных работ / Устройство подземной части / Монолитные работы ниже отметки""0""",C04,concrete_cycle,True,False,
R084,84,,"Устройство стен, колонн и пилонов подземного этажа","Выполнение строительно-монтажных работ / Устройство подземной части / Монолитные работы ниже отметки""0"" / Устройство стен, колонн и пилонов подземного этажа",C04,concrete_cycle,False,False,
R085,85,,"Устройство монолитной ж/б фундаментной плиты (плита под здание, плита под башенный кран, фундамент под оборудование), в т.ч. устройство бетонной подготовки","Выполнение строительно-монтажных работ / Устройство подземной части / Монолитные работы ниже отметки""0"" / Устройство монолитной ж/б фундаментной плиты (плита под здание, плита под башенный кран, фундамент под оборудование), в т.ч. устройство бетонной подготовки",C04,concrete_cycle,False,False,
R086,86,,Устройство несущих ж/б контсрукций подземной части здания,"Выполнение строительно-монтажных работ / Устройство подземной части / Монолитные работы ниже отметки""0"" / Устройство несущих ж/б контсрукций подземной части здания",C04,concrete_cycle,False,False,
R087,87,,Устройство монолитных ж/б колонн,"Выполнение строительно-монтажных работ / Устройство подземной части / Монолитные работы ниже отметки""0"" / Устройство монолитных ж/б колонн",C04,concrete_cycle,False,False,
R088,88,,Устройство монолитных ж/б плит перекрытия/покрытия,"Выполнение строительно-монтажных работ / Устройство подземной части / Монолитные работы ниже отметки""0"" / Устройство монолитных ж/б плит перекрытия/покрытия",C04,concrete_cycle,False,False,
R089,89,,Устройство монолитных ж/б лестниц,"Выполнение строительно-монтажных работ / Устройство подземной части / Монолитные работы ниже отметки""0"" / Устройство монолитных ж/б лестниц",C04,concrete_cycle,False,False,
R090,90,,Устройство плиты перекрытия подземного этажа (+0.000),"Выполнение строительно-монтажных работ / Устройство подземной части / Монолитные работы ниже отметки""0"" / Устройство плиты перекрытия подземного этажа (+0.000)",C04,concrete_cycle,False,False,
R091,91,12.3.10,Устройство гидроизоляции,Выполнение строительно-монтажных работ / Устройство подземной части / Устройство гидроизоляции,C04,none,True,False,Гидроизоляция и инъектирование не определяются заданным составом техники.
R092,92,,Устройство горизонтальной рулонной гидроизоляции в 2 слоя под защитой,Выполнение строительно-монтажных работ / Устройство подземной части / Устройство гидроизоляции / Устройство горизонтальной рулонной гидроизоляции в 2 слоя под защитой,C04,none,False,False,Гидроизоляция и инъектирование не определяются заданным составом техники.
R093,93,,Устройство вертикальной рулонной гидроизоляции в 2 слоя,Выполнение строительно-монтажных работ / Устройство подземной части / Устройство гидроизоляции / Устройство вертикальной рулонной гидроизоляции в 2 слоя,C04,none,False,False,Гидроизоляция и инъектирование не определяются заданным составом техники.
R094,94,,Устройство отсечной гидроизоляции стен подвала (пакеры),Выполнение строительно-монтажных работ / Устройство подземной части / Устройство гидроизоляции / Устройство отсечной гидроизоляции стен подвала (пакеры),C04,none,False,False,Гидроизоляция и инъектирование не определяются заданным составом техники.
R095,95,12.3.11,Инъектирование стен подвала,Выполнение строительно-монтажных работ / Устройство подземной части / Инъектирование стен подвала,C04,none,False,False,Гидроизоляция и инъектирование не определяются заданным составом техники.
R096,96,12.4,Устройство надземной части,Выполнение строительно-монтажных работ / Устройство надземной части,C05,concrete_cycle,True,True,
R097,97,12.4.1,Заказ оборудования,Выполнение строительно-монтажных работ / Устройство надземной части / Заказ оборудования,C10,none,False,False,
R098,98,12.4.2,Поставка оборудования,Выполнение строительно-монтажных работ / Устройство надземной части / Поставка оборудования,C10,none,False,False,
R099,99,12.4.3,Монтаж оборудования,Выполнение строительно-монтажных работ / Устройство надземной части / Монтаж оборудования,C05,lift,False,False,
R100,100,12.4.4,Устройство несущих ж/б контсрукций надземной части здания,Выполнение строительно-монтажных работ / Устройство надземной части / Устройство несущих ж/б контсрукций надземной части здания,C05,concrete_cycle,False,False,
R101,101,12.4.5,Армокаркас,Выполнение строительно-монтажных работ / Устройство надземной части / Армокаркас,C05,lift_optional,False,False,
R102,102,12.4.6,Опоры,Выполнение строительно-монтажных работ / Устройство надземной части / Опоры,C05,concrete_cycle,True,False,
R103,103,,Устройство гидрозоляции,Выполнение строительно-монтажных работ / Устройство надземной части / Опоры / Устройство гидрозоляции,C07,none,False,False,
R104,104,,Устройство ж/б конструкций,Выполнение строительно-монтажных работ / Устройство надземной части / Опоры / Устройство ж/б конструкций,C05,concrete_cycle,False,False,
R105,105,,Окраска бетонных поверхностей,Выполнение строительно-монтажных работ / Устройство надземной части / Опоры / Окраска бетонных поверхностей,C07,none,False,False,
R106,106,12.4.7,Пролеты,Выполнение строительно-монтажных работ / Устройство надземной части / Пролеты,C05,concrete_cycle,True,False,
R107,107,,Армирование пролетного строения,Выполнение строительно-монтажных работ / Устройство надземной части / Пролеты / Армирование пролетного строения,C05,lift_optional,False,False,
R108,108,,Бетонирование пролетного строения,Выполнение строительно-монтажных работ / Устройство надземной части / Пролеты / Бетонирование пролетного строения,C05,concrete,False,False,
R109,109,,"Устройство конструкций пролетного строения (металл, балки)","Выполнение строительно-монтажных работ / Устройство надземной части / Пролеты / Устройство конструкций пролетного строения (металл, балки)",C05,lift,False,False,
R110,110,,Устройство конструкций кровли,Выполнение строительно-монтажных работ / Устройство надземной части / Пролеты / Устройство конструкций кровли,C05,lift,False,False,
R111,111,,Устройство пирога кровли,Выполнение строительно-монтажных работ / Устройство надземной части / Пролеты / Устройство пирога кровли,C07,none,False,False,
R112,112,12.4.8,Стены и перегородки,Выполнение строительно-монтажных работ / Устройство надземной части / Стены и перегородки,C07,none,True,False,
R113,113,,Устройство наружных стен,Выполнение строительно-монтажных работ / Устройство надземной части / Стены и перегородки / Устройство наружных стен,C07,none,False,False,
R114,114,,Устройство внутренних перегородок,Выполнение строительно-монтажных работ / Устройство надземной части / Стены и перегородки / Устройство внутренних перегородок,C07,none,False,False,
R115,115,,"Устройство стен из ячеистого бетона, в т.ч. креплением их к монолитным стенам/перекрытиям, заделкой мест примыканий, установкой перемычек и армированием сеткой","Выполнение строительно-монтажных работ / Устройство надземной части / Стены и перегородки / Устройство стен из ячеистого бетона, в т.ч. креплением их к монолитным стенам/перекрытиям, заделкой мест примыканий, установкой перемычек и армированием сеткой",C07,none,False,False,
R116,116,,Устройство внутренних перегородок,Выполнение строительно-монтажных работ / Устройство надземной части / Стены и перегородки / Устройство внутренних перегородок,C07,none,False,False,
R117,117,,Кладка стен наружных армированных из кирпича,Выполнение строительно-монтажных работ / Устройство надземной части / Стены и перегородки / Кладка стен наружных армированных из кирпича,C07,none,False,False,
R118,118,,"Наружная облицовка поверхности стен, отливов профлистом","Выполнение строительно-монтажных работ / Устройство надземной части / Стены и перегородки / Наружная облицовка поверхности стен, отливов профлистом",C07,none,False,False,
R119,119,,"Монтаж наружных стеновых сэндвич-панелей 
 (сэндвич-панели, нащельники)","Выполнение строительно-монтажных работ / Устройство надземной части / Стены и перегородки / Монтаж наружных стеновых сэндвич-панелей 
 (сэндвич-панели, нащельники)",C05,lift,False,False,
R120,120,,"Устройство стен и перегородок из кирпича, в т.ч. креплением их к монолитным стенам/перекрытиям, заделкой мест примыканий, установкой перемычек и армированием сеткой","Выполнение строительно-монтажных работ / Устройство надземной части / Стены и перегородки / Устройство стен и перегородок из кирпича, в т.ч. креплением их к монолитным стенам/перекрытиям, заделкой мест примыканий, установкой перемычек и армированием сеткой",C07,none,False,False,
R121,121,,"Устройство армированных кирпичных перегородок, укладка перемычек","Выполнение строительно-монтажных работ / Устройство надземной части / Стены и перегородки / Устройство армированных кирпичных перегородок, укладка перемычек",C07,none,False,False,
R122,122,,Облицовка стен ГВЛВ по металлическому каркасу с теплоизоляцией,Выполнение строительно-монтажных работ / Устройство надземной части / Стены и перегородки / Облицовка стен ГВЛВ по металлическому каркасу с теплоизоляцией,C07,none,False,False,
R123,123,,Устройство армированных перегородок из газобетонных блоков,Выполнение строительно-монтажных работ / Устройство надземной части / Стены и перегородки / Устройство армированных перегородок из газобетонных блоков,C07,none,False,False,
R124,124,,Устройство армированных внутренних перегородок из газобетонного блока,Выполнение строительно-монтажных работ / Устройство надземной части / Стены и перегородки / Устройство армированных внутренних перегородок из газобетонного блока,C07,none,False,False,
R125,125,,Установка сантехнических перегородок,Выполнение строительно-монтажных работ / Устройство надземной части / Стены и перегородки / Установка сантехнических перегородок,C07,none,False,False,
R126,126,,Устройство перегородок из гипсокартонных листов (ГКЛ),Выполнение строительно-монтажных работ / Устройство надземной части / Стены и перегородки / Устройство перегородок из гипсокартонных листов (ГКЛ),C07,none,False,False,
R127,127,,Облицовка стен листами ГКЛ на клею в 2 слоя,Выполнение строительно-монтажных работ / Устройство надземной части / Стены и перегородки / Облицовка стен листами ГКЛ на клею в 2 слоя,C07,none,False,False,
R128,128,,Установка люков сантехнических (ревизионных),Выполнение строительно-монтажных работ / Устройство надземной части / Стены и перегородки / Установка люков сантехнических (ревизионных),C07,none,False,False,
R129,129,12.4.9,Бетонирование плиты и стен,Выполнение строительно-монтажных работ / Устройство надземной части / Бетонирование плиты и стен,C05,concrete,False,False,
R130,130,12.4.10,Бетонирование колонн и перекрытий,Выполнение строительно-монтажных работ / Устройство надземной части / Бетонирование колонн и перекрытий,C05,concrete,False,False,
R131,131,12.4.11,Фасад,Выполнение строительно-монтажных работ / Устройство надземной части / Фасад,C07,none,True,False,
R132,132,,Монтаж утеплителя,Выполнение строительно-монтажных работ / Устройство надземной части / Фасад / Монтаж утеплителя,C07,none,False,False,
R133,133,,Монтаж фасадной системы,Выполнение строительно-монтажных работ / Устройство надземной части / Фасад / Монтаж фасадной системы,C07,none,False,False,
R134,134,,Монтаж навесных элементов фасада,Выполнение строительно-монтажных работ / Устройство надземной части / Фасад / Монтаж навесных элементов фасада,C07,none,False,False,
R135,135,,Заполнение оконных проемов,Выполнение строительно-монтажных работ / Устройство надземной части / Фасад / Заполнение оконных проемов,C07,none,False,False,
R136,136,12.4.12,Основание верхнего слоя дорожной одежды,Выполнение строительно-монтажных работ / Устройство надземной части / Основание верхнего слоя дорожной одежды,C08,road,True,False,
R137,137,,Устройство верхнего слоя основания дорожной одежды,Выполнение строительно-монтажных работ / Устройство надземной части / Основание верхнего слоя дорожной одежды / Устройство верхнего слоя основания дорожной одежды,C08,road,False,False,
R138,138,,Планировка верхнего слоя основания дорожной одежды,Выполнение строительно-монтажных работ / Устройство надземной части / Основание верхнего слоя дорожной одежды / Планировка верхнего слоя основания дорожной одежды,C08,earth,False,False,
R139,139,,Уплотнение верхнего слоя основания дорожной одежды,Выполнение строительно-монтажных работ / Устройство надземной части / Основание верхнего слоя дорожной одежды / Уплотнение верхнего слоя основания дорожной одежды,C08,compact,False,False,
R140,140,,Устройство бортового камня,Выполнение строительно-монтажных работ / Устройство надземной части / Основание верхнего слоя дорожной одежды / Устройство бортового камня,C08,none,False,False,
R141,141,12.4.13,Мостовое полотно,Выполнение строительно-монтажных работ / Устройство надземной части / Мостовое полотно,C08,road,True,False,
R142,142,,Устройство плиты проезжей части,Выполнение строительно-монтажных работ / Устройство надземной части / Мостовое полотно / Устройство плиты проезжей части,C08,concrete_cycle,False,False,
R143,143,,Устройство монолитного участка деформационного шва,Выполнение строительно-монтажных работ / Устройство надземной части / Мостовое полотно / Устройство монолитного участка деформационного шва,C08,concrete_cycle,False,False,
R144,144,,Установка бокового барьерного ограждения с внешней стороны пролетного строения,Выполнение строительно-монтажных работ / Устройство надземной части / Мостовое полотно / Установка бокового барьерного ограждения с внешней стороны пролетного строения,C08,lift,False,False,
R145,145,,Установка барьерного ограждения на разделительной полосе,Выполнение строительно-монтажных работ / Устройство надземной части / Мостовое полотно / Установка барьерного ограждения на разделительной полосе,C08,lift,False,False,
R146,146,,Установка перильного ограждения,Выполнение строительно-монтажных работ / Устройство надземной части / Мостовое полотно / Установка перильного ограждения,C08,lift,False,False,
R147,147,,"Устройство конструкций пролетного строения (металл, балки)","Выполнение строительно-монтажных работ / Устройство надземной части / Мостовое полотно / Устройство конструкций пролетного строения (металл, балки)",C08,lift,False,False,
R148,148,12.4.14,Покрытие дорожной одежды,Выполнение строительно-монтажных работ / Устройство надземной части / Покрытие дорожной одежды,C08,road,True,False,
R149,149,,Устройство нижнего слоя покрытия,Выполнение строительно-монтажных работ / Устройство надземной части / Покрытие дорожной одежды / Устройство нижнего слоя покрытия,C08,road,False,False,
R150,150,,Устройство верхнего слоя покрытия,Выполнение строительно-монтажных работ / Устройство надземной части / Покрытие дорожной одежды / Устройство верхнего слоя покрытия,C08,road,False,False,
R151,151,,Дорожные знаки,Выполнение строительно-монтажных работ / Устройство надземной части / Покрытие дорожной одежды / Дорожные знаки,C08,none,False,False,
R152,152,,Пешеходное ограждение,Выполнение строительно-монтажных работ / Устройство надземной части / Покрытие дорожной одежды / Пешеходное ограждение,C08,none,False,False,
R153,153,,Светофорные объекты,Выполнение строительно-монтажных работ / Устройство надземной части / Покрытие дорожной одежды / Светофорные объекты,C08,none,False,False,
R154,154,,Шумо/грязезащитные экраны,Выполнение строительно-монтажных работ / Устройство надземной части / Покрытие дорожной одежды / Шумо/грязезащитные экраны,C08,lift,False,False,
R155,155,,Дорожное ограждение,Выполнение строительно-монтажных работ / Устройство надземной части / Покрытие дорожной одежды / Дорожное ограждение,C08,lift,False,False,
R156,156,12.4.15,ВСП (верхнее строение пути),Выполнение строительно-монтажных работ / Устройство надземной части / ВСП (верхнее строение пути),C09,none,True,False,
R157,157,,Жесткое основание,Выполнение строительно-монтажных работ / Устройство надземной части / ВСП (верхнее строение пути) / Жесткое основание,C09,none,False,False,
R158,158,,"Рельсо-шпальная решетка, стрелочные переводы","Выполнение строительно-монтажных работ / Устройство надземной части / ВСП (верхнее строение пути) / Рельсо-шпальная решетка, стрелочные переводы",C09,none,False,False,
R159,159,,Путевой бетон,Выполнение строительно-монтажных работ / Устройство надземной части / ВСП (верхнее строение пути) / Путевой бетон,C09,concrete,False,False,"Можно заметить подачу бетона, но стадию устройства пути этим не установить."
R160,160,12.4.16,Средства организации дорожного движения,Выполнение строительно-монтажных работ / Устройство надземной части / Средства организации дорожного движения,C08,none,False,False,
R161,161,12.4.17,Дорожная разметка,Выполнение строительно-монтажных работ / Устройство надземной части / Дорожная разметка,C08,none,False,False,
R162,162,12.4.18,Обустройство,Выполнение строительно-монтажных работ / Устройство надземной части / Обустройство,C08,none,False,False,
R163,163,12.4.19,Установка дорожных знаков,Выполнение строительно-монтажных работ / Устройство надземной части / Установка дорожных знаков,C08,none,False,False,
R164,164,12.4.20,Установка пешеходного ограждения,Выполнение строительно-монтажных работ / Устройство надземной части / Установка пешеходного ограждения,C08,none,False,False,
R165,165,12.4.21,Установка светофорных объектов,Выполнение строительно-монтажных работ / Устройство надземной части / Установка светофорных объектов,C08,none,False,False,
R166,166,12.4.22,Установка шумо/грязезащитных экранов,Выполнение строительно-монтажных работ / Устройство надземной части / Установка шумо/грязезащитных экранов,C08,lift,False,False,
R167,167,12.4.23,Подпорная / противопожарная стена,Выполнение строительно-монтажных работ / Устройство надземной части / Подпорная / противопожарная стена,C05,concrete_cycle,False,False,
R168,168,12.4.24,Противопожарные мероприятия,Выполнение строительно-монтажных работ / Устройство надземной части / Противопожарные мероприятия,C07,none,False,False,
R169,169,12.4.25,Трансбарьер,Выполнение строительно-монтажных работ / Устройство надземной части / Трансбарьер,C08,lift,False,False,
R170,170,12.4.26,"огнезащита, окраска","Выполнение строительно-монтажных работ / Устройство надземной части / огнезащита, окраска",C07,none,False,False,
R171,171,12.4.27,Насыпь/Призма,Выполнение строительно-монтажных работ / Устройство надземной части / Насыпь/Призма,C08,base,False,False,
R172,172,12.4.28,"Монолитные работы выше отметки""0""","Выполнение строительно-монтажных работ / Устройство надземной части / Монолитные работы выше отметки""0""",C05,concrete_cycle,True,False,
R173,173,,"Сталебетонные перекрытия выше отм. 0,000","Выполнение строительно-монтажных работ / Устройство надземной части / Монолитные работы выше отметки""0"" / Сталебетонные перекрытия выше отм. 0,000",C05,concrete_cycle,False,False,
R174,174,,Устройство монолитных ж/б лестниц,"Выполнение строительно-монтажных работ / Устройство надземной части / Монолитные работы выше отметки""0"" / Устройство монолитных ж/б лестниц",C05,concrete_cycle,False,False,
R175,175,,Трибуны актового зала,"Выполнение строительно-монтажных работ / Устройство надземной части / Монолитные работы выше отметки""0"" / Трибуны актового зала",C05,concrete_cycle,False,False,
R176,176,,Устройство монолитных ж/б конструкций входных групп,"Выполнение строительно-монтажных работ / Устройство надземной части / Монолитные работы выше отметки""0"" / Устройство монолитных ж/б конструкций входных групп",C05,concrete_cycle,False,False,
R177,177,,Устройство горизонтальной рулонной гидроизоляции в 2 слоя под защитой,"Выполнение строительно-монтажных работ / Устройство надземной части / Монолитные работы выше отметки""0"" / Устройство горизонтальной рулонной гидроизоляции в 2 слоя под защитой",C07,none,False,False,
R178,178,,Устройство вертикальной рулонной гидроизоляции в 2 слоя по праймеру,"Выполнение строительно-монтажных работ / Устройство надземной части / Монолитные работы выше отметки""0"" / Устройство вертикальной рулонной гидроизоляции в 2 слоя по праймеру",C07,none,False,False,
R179,179,,Теплоизоляция стен экструдированным пенополистиролом толщ. 100 мм,"Выполнение строительно-монтажных работ / Устройство надземной части / Монолитные работы выше отметки""0"" / Теплоизоляция стен экструдированным пенополистиролом толщ. 100 мм",C07,none,False,False,
R180,180,,"Устройство пристенного дренажа, в т.ч. прижимной стенки","Выполнение строительно-монтажных работ / Устройство надземной части / Монолитные работы выше отметки""0"" / Устройство пристенного дренажа, в т.ч. прижимной стенки",C06,network,False,False,
R181,181,12.4.29,Каркас здания,Выполнение строительно-монтажных работ / Устройство надземной части / Каркас здания,C05,concrete_cycle,True,False,
R182,182,,Устройство ж/б конструкций,Выполнение строительно-монтажных работ / Устройство надземной части / Каркас здания / Устройство ж/б конструкций,C05,concrete_cycle,False,False,
R183,183,12.4.30,Металлоконструкции,Выполнение строительно-монтажных работ / Устройство надземной части / Металлоконструкции,C05,lift,True,False,
R184,184,,"Металлоконструкции (фермы, балки, прогоны, надколонники, связи, козырьки, решетки приямков, лестницы)","Выполнение строительно-монтажных работ / Устройство надземной части / Металлоконструкции / Металлоконструкции (фермы, балки, прогоны, надколонники, связи, козырьки, решетки приямков, лестницы)",C05,lift,False,False,
R185,185,,Покрытие из профилированного листа,Выполнение строительно-монтажных работ / Устройство надземной части / Металлоконструкции / Покрытие из профилированного листа,C05,lift,False,False,
R186,186,,Огнезащита м/к,Выполнение строительно-монтажных работ / Устройство надземной части / Металлоконструкции / Огнезащита м/к,C07,none,False,False,
R187,187,,Ограждения,Выполнение строительно-монтажных работ / Устройство надземной части / Металлоконструкции / Ограждения,C07,none,False,False,
R188,188,,Решетки,Выполнение строительно-монтажных работ / Устройство надземной части / Металлоконструкции / Решетки,C07,none,False,False,
R189,189,,Пожарные лестницы,Выполнение строительно-монтажных работ / Устройство надземной части / Металлоконструкции / Пожарные лестницы,C05,lift,False,False,
R190,190,12.4.31,Устройство пирога кровли,Выполнение строительно-монтажных работ / Устройство надземной части / Устройство пирога кровли,C07,none,True,False,
R191,191,,Пароизоляция,Выполнение строительно-монтажных работ / Устройство надземной части / Устройство пирога кровли / Пароизоляция,C07,none,False,False,
R192,192,,Утепление,Выполнение строительно-монтажных работ / Устройство надземной части / Устройство пирога кровли / Утепление,C07,none,False,False,
R193,193,,Разуклонка ЦПР,Выполнение строительно-монтажных работ / Устройство надземной части / Устройство пирога кровли / Разуклонка ЦПР,C07,none,False,False,
R194,194,,Гидроизоляция 3 слоя,Выполнение строительно-монтажных работ / Устройство надземной части / Устройство пирога кровли / Гидроизоляция 3 слоя,C07,none,False,False,
R195,195,,Покрытие козырьков,Выполнение строительно-монтажных работ / Устройство надземной части / Устройство пирога кровли / Покрытие козырьков,C07,none,False,False,
R196,196,,"Водосток с основной кровли, с кровли крылец","Выполнение строительно-монтажных работ / Устройство надземной части / Устройство пирога кровли / Водосток с основной кровли, с кровли крылец",C07,none,False,False,
R197,197,,Устройство кровли. Тип 1,Выполнение строительно-монтажных работ / Устройство надземной части / Устройство пирога кровли / Устройство кровли. Тип 1,C07,none,False,False,
R198,198,,Устройство кровли. Тип 2,Выполнение строительно-монтажных работ / Устройство надземной части / Устройство пирога кровли / Устройство кровли. Тип 2,C07,none,False,False,
R199,199,,Устройство кровли. Тип 3,Выполнение строительно-монтажных работ / Устройство надземной части / Устройство пирога кровли / Устройство кровли. Тип 3,C07,none,False,False,
R200,200,,Устройство кровли. Тип 4,Выполнение строительно-монтажных работ / Устройство надземной части / Устройство пирога кровли / Устройство кровли. Тип 4,C07,none,False,False,
R201,201,,Устройство кровли. Тип 5,Выполнение строительно-монтажных работ / Устройство надземной части / Устройство пирога кровли / Устройство кровли. Тип 5,C07,none,False,False,
R202,202,,Устройство кровли. Тип 6,Выполнение строительно-монтажных работ / Устройство надземной части / Устройство пирога кровли / Устройство кровли. Тип 6,C07,none,False,False,
R203,203,,Устройство кровли. Тип 7,Выполнение строительно-монтажных работ / Устройство надземной части / Устройство пирога кровли / Устройство кровли. Тип 7,C07,none,False,False,
R204,204,,Устройство кровли. Тип 8,Выполнение строительно-монтажных работ / Устройство надземной части / Устройство пирога кровли / Устройство кровли. Тип 8,C07,none,False,False,
R205,205,,Козырьки из светопрозрачных металлических конструкций,Выполнение строительно-монтажных работ / Устройство надземной части / Устройство пирога кровли / Козырьки из светопрозрачных металлических конструкций,C05,lift,False,False,
R206,206,,Дополнительные элементы и надстройки кровли,Выполнение строительно-монтажных работ / Устройство надземной части / Устройство пирога кровли / Дополнительные элементы и надстройки кровли,C05,lift,False,False,
R207,207,,Парапеты вентшахты,Выполнение строительно-монтажных работ / Устройство надземной части / Устройство пирога кровли / Парапеты вентшахты,C07,none,False,False,
R208,208,,Устройство кровли по железобетонному покрытию (Тип кровли 1),Выполнение строительно-монтажных работ / Устройство надземной части / Устройство пирога кровли / Устройство кровли по железобетонному покрытию (Тип кровли 1),C07,none,False,False,
R209,209,,Устройство кровли по покрытию из стального профлиста (Тип кровли 2),Выполнение строительно-монтажных работ / Устройство надземной части / Устройство пирога кровли / Устройство кровли по покрытию из стального профлиста (Тип кровли 2),C07,none,False,False,
R210,210,,Установка аэраторов,Выполнение строительно-монтажных работ / Устройство надземной части / Устройство пирога кровли / Установка аэраторов,C07,none,False,False,
R211,211,,"Устройство парапетной крышки, крышки фахверка, отделка фахверков парапета","Выполнение строительно-монтажных работ / Устройство надземной части / Устройство пирога кровли / Устройство парапетной крышки, крышки фахверка, отделка фахверков парапета",C07,none,False,False,
R212,212,,Устройство эксплуатируемой дорожки,Выполнение строительно-монтажных работ / Устройство надземной части / Устройство пирога кровли / Устройство эксплуатируемой дорожки,C07,none,False,False,
R213,213,,"Устройство примыканий в парапету, воронкам","Выполнение строительно-монтажных работ / Устройство надземной части / Устройство пирога кровли / Устройство примыканий в парапету, воронкам",C07,none,False,False,
R214,214,,Устройство проходок через кровлю,Выполнение строительно-монтажных работ / Устройство надземной части / Устройство пирога кровли / Устройство проходок через кровлю,C07,none,False,False,
R215,215,,Устройство шумозащитного экрана,Выполнение строительно-монтажных работ / Устройство надземной части / Устройство пирога кровли / Устройство шумозащитного экрана,C07,none,False,False,
R216,216,12.4.32,Устройство конструкций кровли,Выполнение строительно-монтажных работ / Устройство надземной части / Устройство конструкций кровли,C05,lift,False,False,
R217,217,12.4.33,Установка ворот,Выполнение строительно-монтажных работ / Устройство надземной части / Установка ворот,C07,none,False,False,
R218,218,12.4.34,Установка дверей деревянных,Выполнение строительно-монтажных работ / Устройство надземной части / Установка дверей деревянных,C07,none,False,False,
R219,219,12.4.35,Установка внутренних металлических дверей,Выполнение строительно-монтажных работ / Устройство надземной части / Установка внутренних металлических дверей,C07,none,False,False,
R220,220,12.4.36,Установка наружных дверей,Выполнение строительно-монтажных работ / Устройство надземной части / Установка наружных дверей,C07,none,False,False,
R221,221,12.4.37,"Монтаж алюминиевых витражей (шторы противопожарные, алюминиевые витражи)","Выполнение строительно-монтажных работ / Устройство надземной части / Монтаж алюминиевых витражей (шторы противопожарные, алюминиевые витражи)",C07,none,False,False,
R222,222,12.4.38,Установка оконных блоков ПВХ,Выполнение строительно-монтажных работ / Устройство надземной части / Установка оконных блоков ПВХ,C07,none,False,False,
R223,223,12.4.39,Установка алюминиевых подоконников,Выполнение строительно-монтажных работ / Устройство надземной части / Установка алюминиевых подоконников,C07,none,False,False,
R224,224,12.4.40,Установка подоконников ГКЛВ с отделкой,Выполнение строительно-монтажных работ / Устройство надземной части / Установка подоконников ГКЛВ с отделкой,C07,none,False,False,
R225,225,12.4.41,"Устройство теплоизоляции стен, в т.ч. укрытие плит утеплителя ветровлагозащитной пленкой (при необходимости)","Выполнение строительно-монтажных работ / Устройство надземной части / Устройство теплоизоляции стен, в т.ч. укрытие плит утеплителя ветровлагозащитной пленкой (при необходимости)",C07,none,False,False,
R226,226,12.4.42,Устройство вентилируемого навесного фасада из керамогранита,Выполнение строительно-монтажных работ / Устройство надземной части / Устройство вентилируемого навесного фасада из керамогранита,C07,none,False,False,
R227,227,12.4.43,Облицовка цоколя крупноформатными панелями из керамогранита на растворе,Выполнение строительно-монтажных работ / Устройство надземной части / Облицовка цоколя крупноформатными панелями из керамогранита на растворе,C07,none,False,False,
R228,228,12.4.44,Облицовка крылец и наружных лестниц нескользящей бетонной плитки с гранитной крошкой на клее,Выполнение строительно-монтажных работ / Устройство надземной части / Облицовка крылец и наружных лестниц нескользящей бетонной плитки с гранитной крошкой на клее,C07,none,False,False,
R229,229,12.4.45,Устройство откосов и сливов из оцинкованной стали с полимерным покрытием,Выполнение строительно-монтажных работ / Устройство надземной части / Устройство откосов и сливов из оцинкованной стали с полимерным покрытием,C07,none,False,False,
R230,230,12.4.46,Навесной вентилируемый фасад из стеклофибробетона со вставками из стемалита,Выполнение строительно-монтажных работ / Устройство надземной части / Навесной вентилируемый фасад из стеклофибробетона со вставками из стемалита,C07,none,False,False,
R231,231,12.4.47,Облицовка цоколя гранитной плиткой на подсистеме вентилируемого фасада,Выполнение строительно-монтажных работ / Устройство надземной части / Облицовка цоколя гранитной плиткой на подсистеме вентилируемого фасада,C07,none,False,False,
R232,232,12.4.48,Облицовка крылец и наружных лестниц гранитной плиткой на растворе,Выполнение строительно-монтажных работ / Устройство надземной части / Облицовка крылец и наружных лестниц гранитной плиткой на растворе,C07,none,False,False,
R233,233,12.4.49,Металлические декоративные ламели,Выполнение строительно-монтажных работ / Устройство надземной части / Металлические декоративные ламели,C07,none,False,False,
R234,234,12.4.50,Облицовка керамогранитной плиткой внутренней поверхности приямков,Выполнение строительно-монтажных работ / Устройство надземной части / Облицовка керамогранитной плиткой внутренней поверхности приямков,C07,none,False,False,
R235,235,12.4.51,Подшивка нависающих частей здания алюминиевой рейкой,Выполнение строительно-монтажных работ / Устройство надземной части / Подшивка нависающих частей здания алюминиевой рейкой,C07,none,False,False,
R236,236,12.4.52,"Элементы фасада (логотипы, вывески, указатели, светильники, флагодержатели и пр.)","Выполнение строительно-монтажных работ / Устройство надземной части / Элементы фасада (логотипы, вывески, указатели, светильники, флагодержатели и пр.)",C07,none,False,False,
R237,237,12.4.53,Ограждения из нержавеющей стали,Выполнение строительно-монтажных работ / Устройство надземной части / Ограждения из нержавеющей стали,C07,none,False,False,
R238,238,12.4.54,Теплоизоляция фасада,Выполнение строительно-монтажных работ / Устройство надземной части / Теплоизоляция фасада,C07,none,False,False,
R239,239,12.4.55,Устройство гидроизоляции цоколя,Выполнение строительно-монтажных работ / Устройство надземной части / Устройство гидроизоляции цоколя,C07,none,False,False,
R240,240,12.4.56,Установка перфорированной фасадной кассеты,Выполнение строительно-монтажных работ / Устройство надземной части / Установка перфорированной фасадной кассеты,C07,none,False,False,
R241,241,12.4.57,Монтаж козырьков,Выполнение строительно-монтажных работ / Устройство надземной части / Монтаж козырьков,C05,lift,False,False,
R242,242,12.5,Устройство инженерных систем,Выполнение строительно-монтажных работ / Устройство инженерных систем,G00,none,True,True,Сводный раздел включает разные классы. Нужна конкретная работа.
R243,243,12.5.1,Устройство наружных сетей,Выполнение строительно-монтажных работ / Устройство инженерных систем / Устройство наружных сетей,C06,network,True,False,
R244,244,,Теплосеть,Выполнение строительно-монтажных работ / Устройство инженерных систем / Устройство наружных сетей / Теплосеть,C06,network,False,False,
R245,245,,Водоснабжение,Выполнение строительно-монтажных работ / Устройство инженерных систем / Устройство наружных сетей / Водоснабжение,C06,network,False,False,
R246,246,,Х/Б канализация,Выполнение строительно-монтажных работ / Устройство инженерных систем / Устройство наружных сетей / Х/Б канализация,C06,network,False,False,
R247,247,,Ливневая канализация,Выполнение строительно-монтажных работ / Устройство инженерных систем / Устройство наружных сетей / Ливневая канализация,C06,network,False,False,
R248,248,,Электроснабжение,Выполнение строительно-монтажных работ / Устройство инженерных систем / Устройство наружных сетей / Электроснабжение,C06,network,False,False,
R249,249,,Слаботочные сети,Выполнение строительно-монтажных работ / Устройство инженерных систем / Устройство наружных сетей / Слаботочные сети,C06,network,False,False,
R250,250,,Устройство трубной канализации,Выполнение строительно-монтажных работ / Устройство инженерных систем / Устройство наружных сетей / Устройство трубной канализации,C06,network,False,False,
R251,251,,Прокладка кабеля,Выполнение строительно-монтажных работ / Устройство инженерных систем / Устройство наружных сетей / Прокладка кабеля,C06,none,False,False,Прокладка кабеля может выполняться вручную в готовом канале.
R252,252,,"Дизель-генераторная установка, в т.ч. фундамент под оборудование","Выполнение строительно-монтажных работ / Устройство инженерных систем / Устройство наружных сетей / Дизель-генераторная установка, в т.ч. фундамент под оборудование",C06,concrete_cycle,False,False,Составная строка: бетонное основание и монтаж ДГУ. Требуется уточнение подоперации.
R253,253,,Наружные сети связи,Выполнение строительно-монтажных работ / Устройство инженерных систем / Устройство наружных сетей / Наружные сети связи,C06,network,False,False,
R254,254,12.5.2,Устройство внутренних сетей,Выполнение строительно-монтажных работ / Устройство инженерных систем / Устройство внутренних сетей,C07,none,True,False,
R255,255,,Вентиляция и кондиционирование,Выполнение строительно-монтажных работ / Устройство инженерных систем / Устройство внутренних сетей / Вентиляция и кондиционирование,C07,none,False,False,
R256,256,,Электрика,Выполнение строительно-монтажных работ / Устройство инженерных систем / Устройство внутренних сетей / Электрика,C07,none,False,False,
R257,257,,Сантехника,Выполнение строительно-монтажных работ / Устройство инженерных систем / Устройство внутренних сетей / Сантехника,C07,none,False,False,
R258,258,,Сети связи,Выполнение строительно-монтажных работ / Устройство инженерных систем / Устройство внутренних сетей / Сети связи,C07,none,False,False,
R259,259,,Сети водоснабжения,Выполнение строительно-монтажных работ / Устройство инженерных систем / Устройство внутренних сетей / Сети водоснабжения,C07,none,False,False,
R260,260,,Сети канализации,Выполнение строительно-монтажных работ / Устройство инженерных систем / Устройство внутренних сетей / Сети канализации,C07,none,False,False,
R261,261,,Система отопления,Выполнение строительно-монтажных работ / Устройство инженерных систем / Устройство внутренних сетей / Система отопления,C07,none,False,False,
R262,262,,Ливневая канализация,Выполнение строительно-монтажных работ / Устройство инженерных систем / Устройство внутренних сетей / Ливневая канализация,C07,none,False,False,
R263,263,,Разработка грунта с креплением,Выполнение строительно-монтажных работ / Устройство инженерных систем / Устройство внутренних сетей / Разработка грунта с креплением,C06,earth_haul,False,False,"В источнике находится под внутренними сетями, но земляные работы отнесены по смыслу к наружным сетям. Проверьте привязку по проекту."
R264,264,,Устройство колодцев,Выполнение строительно-монтажных работ / Устройство инженерных систем / Устройство внутренних сетей / Устройство колодцев,C06,lift,False,False,В источнике находится под внутренними сетями. Принят монтаж сборных колодцев; для монолитных измените правило.
R265,265,,Прокладка труб,Выполнение строительно-монтажных работ / Устройство инженерных систем / Устройство внутренних сетей / Прокладка труб,C06,network,False,False,"В источнике находится под внутренними сетями. Проверьте, что речь идёт о наружных трубопроводах."
R266,266,,Индивидуальный тепловой пункт (ИТП),Выполнение строительно-монтажных работ / Устройство инженерных систем / Устройство внутренних сетей / Индивидуальный тепловой пункт (ИТП),C07,none,False,False,
R267,267,,Охранно-защитная дератизационная система (ОЗДС),Выполнение строительно-монтажных работ / Устройство инженерных систем / Устройство внутренних сетей / Охранно-защитная дератизационная система (ОЗДС),C07,none,False,False,
R268,268,,Система автоматизации теплового пункта (АТМ ИТП),Выполнение строительно-монтажных работ / Устройство инженерных систем / Устройство внутренних сетей / Система автоматизации теплового пункта (АТМ ИТП),C07,none,False,False,
R269,269,,Силовое электрооборудование и электроосвещение теплового пункта (ЭОМ ИТП),Выполнение строительно-монтажных работ / Устройство инженерных систем / Устройство внутренних сетей / Силовое электрооборудование и электроосвещение теплового пункта (ЭОМ ИТП),C07,none,False,False,
R270,270,,Система радиофикации (РФ),Выполнение строительно-монтажных работ / Устройство инженерных систем / Устройство внутренних сетей / Система радиофикации (РФ),C07,none,False,False,
R271,271,,Система электрочасофикации (ЭЧ),Выполнение строительно-монтажных работ / Устройство инженерных систем / Устройство внутренних сетей / Система электрочасофикации (ЭЧ),C07,none,False,False,
R272,272,,Обеспечение доступа инвалидам (ОДИ),Выполнение строительно-монтажных работ / Устройство инженерных систем / Устройство внутренних сетей / Обеспечение доступа инвалидам (ОДИ),C07,none,False,False,
R273,273,,Система вызова для МГН (СВМГН),Выполнение строительно-монтажных работ / Устройство инженерных систем / Устройство внутренних сетей / Система вызова для МГН (СВМГН),C07,none,False,False,
R274,274,,"Система телефонизации, телевидения, доступа к сети передачи данных, домофонии, внутренних сетей (СС)","Выполнение строительно-монтажных работ / Устройство инженерных систем / Устройство внутренних сетей / Система телефонизации, телевидения, доступа к сети передачи данных, домофонии, внутренних сетей (СС)",C07,none,False,False,
R275,275,,Система охранной сигнализации (ОС),Выполнение строительно-монтажных работ / Устройство инженерных систем / Устройство внутренних сетей / Система охранной сигнализации (ОС),C07,none,False,False,
R276,276,,Система охранного телевидения (СОТ),Выполнение строительно-монтажных работ / Устройство инженерных систем / Устройство внутренних сетей / Система охранного телевидения (СОТ),C07,none,False,False,
R277,277,,Система контроля управления доступом (СКУД),Выполнение строительно-монтажных работ / Устройство инженерных систем / Устройство внутренних сетей / Система контроля управления доступом (СКУД),C07,none,False,False,
R278,278,,Система автоматической установки пожарная сигнализация (АПС),Выполнение строительно-монтажных работ / Устройство инженерных систем / Устройство внутренних сетей / Система автоматической установки пожарная сигнализация (АПС),C07,none,False,False,
R279,279,,Система оповещения и управления эвакуацией (СОУЭ),Выполнение строительно-монтажных работ / Устройство инженерных систем / Устройство внутренних сетей / Система оповещения и управления эвакуацией (СОУЭ),C07,none,False,False,
R280,280,,Система автоматики противопожарной защиты (АППЗ),Выполнение строительно-монтажных работ / Устройство инженерных систем / Устройство внутренних сетей / Система автоматики противопожарной защиты (АППЗ),C07,none,False,False,
R281,281,,Автоматизация инженерных систем,Выполнение строительно-монтажных работ / Устройство инженерных систем / Устройство внутренних сетей / Автоматизация инженерных систем,C07,none,False,False,
R282,282,,Монтаж автоматической установки газового пожаротушения (АУГП),Выполнение строительно-монтажных работ / Устройство инженерных систем / Устройство внутренних сетей / Монтаж автоматической установки газового пожаротушения (АУГП),C07,none,False,False,
R283,283,,Автоматическая установка водяного пожаротушения,Выполнение строительно-монтажных работ / Устройство инженерных систем / Устройство внутренних сетей / Автоматическая установка водяного пожаротушения,C07,none,False,False,
R284,284,12.6,Отделочные работы,Выполнение строительно-монтажных работ / Отделочные работы,C07,none,True,True,
R285,285,12.6.1,Внешняя отделка,Выполнение строительно-монтажных работ / Отделочные работы / Внешняя отделка,C07,none,True,False,
R286,286,,Черновая отделка,Выполнение строительно-монтажных работ / Отделочные работы / Внешняя отделка / Черновая отделка,C07,none,False,False,
R287,287,,Чистовая отделка,Выполнение строительно-монтажных работ / Отделочные работы / Внешняя отделка / Чистовая отделка,C07,none,False,False,
R288,288,12.6.2,Внутренняя отделка,Выполнение строительно-монтажных работ / Отделочные работы / Внутренняя отделка,C07,none,True,False,
R289,289,,Черновая отделка,Выполнение строительно-монтажных работ / Отделочные работы / Внутренняя отделка / Черновая отделка,C07,none,False,False,
R290,290,,Чистовая отделка,Выполнение строительно-монтажных работ / Отделочные работы / Внутренняя отделка / Чистовая отделка,C07,none,False,False,
R291,291,12.6.3,Внутренняя отделка полов,Выполнение строительно-монтажных работ / Отделочные работы / Внутренняя отделка полов,C07,none,True,False,
R292,292,,Черновая отделка полов,Выполнение строительно-монтажных работ / Отделочные работы / Внутренняя отделка полов / Черновая отделка полов,C07,none,False,False,
R293,293,,Чистовая отделка полов,Выполнение строительно-монтажных работ / Отделочные работы / Внутренняя отделка полов / Чистовая отделка полов,C07,none,False,False,
R294,294,12.6.4,Внутренняя отделка стен,Выполнение строительно-монтажных работ / Отделочные работы / Внутренняя отделка стен,C07,none,True,False,
R295,295,,Черновая отделка стен,Выполнение строительно-монтажных работ / Отделочные работы / Внутренняя отделка стен / Черновая отделка стен,C07,none,False,False,
R296,296,,Чистовая отделка стен,Выполнение строительно-монтажных работ / Отделочные работы / Внутренняя отделка стен / Чистовая отделка стен,C07,none,False,False,
R297,297,12.6.5,Внутренняя отделка потолков,Выполнение строительно-монтажных работ / Отделочные работы / Внутренняя отделка потолков,C07,none,True,False,
R298,298,,Черновая отделка потолков,Выполнение строительно-монтажных работ / Отделочные работы / Внутренняя отделка потолков / Черновая отделка потолков,C07,none,False,False,
R299,299,,Чистовая отделка потолков,Выполнение строительно-монтажных работ / Отделочные работы / Внутренняя отделка потолков / Чистовая отделка потолков,C07,none,False,False,
R300,300,12.6.6,Внутренняя отделка дверей,Выполнение строительно-монтажных работ / Отделочные работы / Внутренняя отделка дверей,C07,none,True,False,
R301,301,,Монтаж внутренних дверей,Выполнение строительно-монтажных работ / Отделочные работы / Внутренняя отделка дверей / Монтаж внутренних дверей,C07,none,False,False,
R302,302,,Монтаж наружных дверей и ворот,Выполнение строительно-монтажных работ / Отделочные работы / Внутренняя отделка дверей / Монтаж наружных дверей и ворот,C07,none,False,False,
R303,303,,Двери автоматические раздвижные светопрозрачные,Выполнение строительно-монтажных работ / Отделочные работы / Внутренняя отделка дверей / Двери автоматические раздвижные светопрозрачные,C07,none,False,False,
R304,304,,Двери алюминиевые наружные,Выполнение строительно-монтажных работ / Отделочные работы / Внутренняя отделка дверей / Двери алюминиевые наружные,C07,none,False,False,
R305,305,,Двери алюминиевые внутренние,Выполнение строительно-монтажных работ / Отделочные работы / Внутренняя отделка дверей / Двери алюминиевые внутренние,C07,none,False,False,
R306,306,,Двери металлические наружные,Выполнение строительно-монтажных работ / Отделочные работы / Внутренняя отделка дверей / Двери металлические наружные,C07,none,False,False,
R307,307,,Двери металлические взломостойкие с решеткой,Выполнение строительно-монтажных работ / Отделочные работы / Внутренняя отделка дверей / Двери металлические взломостойкие с решеткой,C07,none,False,False,
R308,308,,Двери металлические рентгенозащитные,Выполнение строительно-монтажных работ / Отделочные работы / Внутренняя отделка дверей / Двери металлические рентгенозащитные,C07,none,False,False,
R309,309,,Двери глухие ПВХ,Выполнение строительно-монтажных работ / Отделочные работы / Внутренняя отделка дверей / Двери глухие ПВХ,C07,none,False,False,
R310,310,,Двери комбинированные,Выполнение строительно-монтажных работ / Отделочные работы / Внутренняя отделка дверей / Двери комбинированные,C07,none,False,False,
R311,311,,Перегородки душевых кабинок из матового стекла,Выполнение строительно-монтажных работ / Отделочные работы / Внутренняя отделка дверей / Перегородки душевых кабинок из матового стекла,C07,none,False,False,
R312,312,,Сантехнические перегородки из HPL пластика,Выполнение строительно-монтажных работ / Отделочные работы / Внутренняя отделка дверей / Сантехнические перегородки из HPL пластика,C07,none,False,False,
R313,313,,Трансформируемые перегородки,Выполнение строительно-монтажных работ / Отделочные работы / Внутренняя отделка дверей / Трансформируемые перегородки,C07,none,False,False,
R314,314,,Люки,Выполнение строительно-монтажных работ / Отделочные работы / Внутренняя отделка дверей / Люки,C07,none,False,False,
R315,315,,Люки герметические (кровля),Выполнение строительно-монтажных работ / Отделочные работы / Внутренняя отделка дверей / Люки герметические (кровля),C07,none,False,False,
R316,316,12.6.7,Внутренняя отделка (технические помещения),Выполнение строительно-монтажных работ / Отделочные работы / Внутренняя отделка (технические помещения),C07,none,True,False,
R317,317,,Черновая отделка,Выполнение строительно-монтажных работ / Отделочные работы / Внутренняя отделка (технические помещения) / Черновая отделка,C07,none,False,False,
R318,318,,Чистовая отделка,Выполнение строительно-монтажных работ / Отделочные работы / Внутренняя отделка (технические помещения) / Чистовая отделка,C07,none,False,False,
R319,319,12.6.8,Внутренняя отделка (пассажирские зоны),Выполнение строительно-монтажных работ / Отделочные работы / Внутренняя отделка (пассажирские зоны),C07,none,True,False,
R320,320,,Черновая отделка,Выполнение строительно-монтажных работ / Отделочные работы / Внутренняя отделка (пассажирские зоны) / Черновая отделка,C07,none,False,False,
R321,321,,Чистовая отделка,Выполнение строительно-монтажных работ / Отделочные работы / Внутренняя отделка (пассажирские зоны) / Чистовая отделка,C07,none,False,False,
R322,322,12.6.9,Монтаж вертикального транспорта,Выполнение строительно-монтажных работ / Отделочные работы / Монтаж вертикального транспорта,C07,none,False,False,
R323,323,12.6.10,Монтаж оборудования по ТХЗ,Выполнение строительно-монтажных работ / Отделочные работы / Монтаж оборудования по ТХЗ,C07,none,False,False,
R324,324,12.6.11,Монтаж мебели,Выполнение строительно-монтажных работ / Отделочные работы / Монтаж мебели,C07,none,True,False,
R325,325,,Медицинская мебель (с учетом установки и распаковки) (не облагаемая НДС),Выполнение строительно-монтажных работ / Отделочные работы / Монтаж мебели / Медицинская мебель (с учетом установки и распаковки) (не облагаемая НДС),C07,none,False,False,
R326,326,,Медицинская мебель (с учетом установки и распаковки),Выполнение строительно-монтажных работ / Отделочные работы / Монтаж мебели / Медицинская мебель (с учетом установки и распаковки),C07,none,False,False,
R327,327,,Мебель общего назначения (с учетом установки и распаковки),Выполнение строительно-монтажных работ / Отделочные работы / Монтаж мебели / Мебель общего назначения (с учетом установки и распаковки),C07,none,False,False,
R328,328,12.6.12,Монтаж эскалаторов,Выполнение строительно-монтажных работ / Отделочные работы / Монтаж эскалаторов,C07,none,False,False,
R329,329,12.6.13,Монтаж оборудования,Выполнение строительно-монтажных работ / Отделочные работы / Монтаж оборудования,C07,none,True,False,
R330,330,12.6.13.1,Монтируемое оборудование,Выполнение строительно-монтажных работ / Отделочные работы / Монтаж оборудования / Монтируемое оборудование,C07,none,True,False,
R331,331,,"Медицинское оборудование, с учетом монтажа","Выполнение строительно-монтажных работ / Отделочные работы / Монтаж оборудования / Монтируемое оборудование / Медицинское оборудование, с учетом монтажа",C07,none,False,False,
R332,332,,"Медицинское оборудование, с учетом монтажа (не облагаемое НДС)","Выполнение строительно-монтажных работ / Отделочные работы / Монтаж оборудования / Монтируемое оборудование / Медицинское оборудование, с учетом монтажа (не облагаемое НДС)",C07,none,False,False,
R333,333,,"Офисное оборудование, с учетом монтажа","Выполнение строительно-монтажных работ / Отделочные работы / Монтаж оборудования / Монтируемое оборудование / Офисное оборудование, с учетом монтажа",C07,none,False,False,
R334,334,,"Оборудование и мебель конференц-зала, с учетом монтажа","Выполнение строительно-монтажных работ / Отделочные работы / Монтаж оборудования / Монтируемое оборудование / Оборудование и мебель конференц-зала, с учетом монтажа",C07,none,False,False,
R335,335,,"Электро- и бытовая техника, с учетом монтажа","Выполнение строительно-монтажных работ / Отделочные работы / Монтаж оборудования / Монтируемое оборудование / Электро- и бытовая техника, с учетом монтажа",C07,none,False,False,
R336,336,,"Хозяйственный инвентарь, с учетом монтажа","Выполнение строительно-монтажных работ / Отделочные работы / Монтаж оборудования / Монтируемое оборудование / Хозяйственный инвентарь, с учетом монтажа",C07,none,False,False,
R337,337,,"Периметр безопасности, с учетом монтажа","Выполнение строительно-монтажных работ / Отделочные работы / Монтаж оборудования / Монтируемое оборудование / Периметр безопасности, с учетом монтажа",C07,none,False,False,
R338,338,,"Спортивно-технологическое оборудование и спортивный инвентарь, с учетом монтажа","Выполнение строительно-монтажных работ / Отделочные работы / Монтаж оборудования / Монтируемое оборудование / Спортивно-технологическое оборудование и спортивный инвентарь, с учетом монтажа",C07,none,False,False,
R339,339,,"Учебное оборудование, с учетом монтажа","Выполнение строительно-монтажных работ / Отделочные работы / Монтаж оборудования / Монтируемое оборудование / Учебное оборудование, с учетом монтажа",C07,none,False,False,
R340,340,,"Учебное оборудование, с учетом монтажа (не облагаемое НДС)","Выполнение строительно-монтажных работ / Отделочные работы / Монтаж оборудования / Монтируемое оборудование / Учебное оборудование, с учетом монтажа (не облагаемое НДС)",C07,none,False,False,
R341,341,,"Компьютеры и программное обеспечение, с учетом монтажа","Выполнение строительно-монтажных работ / Отделочные работы / Монтаж оборудования / Монтируемое оборудование / Компьютеры и программное обеспечение, с учетом монтажа",C07,none,False,False,
R342,342,,"Занавески, жалюзи и прочие предметы обстановки, с учетом монтажа","Выполнение строительно-монтажных работ / Отделочные работы / Монтаж оборудования / Монтируемое оборудование / Занавески, жалюзи и прочие предметы обстановки, с учетом монтажа",C07,none,False,False,
R343,343,,"Кухонное оборудование и инвентарь, с учетом монтажа","Выполнение строительно-монтажных работ / Отделочные работы / Монтаж оборудования / Монтируемое оборудование / Кухонное оборудование и инвентарь, с учетом монтажа",C07,none,False,False,
R344,344,,"Музыкальные инструменты и оборудование для залов, с учетом монтажа","Выполнение строительно-монтажных работ / Отделочные работы / Монтаж оборудования / Монтируемое оборудование / Музыкальные инструменты и оборудование для залов, с учетом монтажа",C07,none,False,False,
R345,345,,"Театральное оборудование, оборудование сцены (с учетом монтажа)","Выполнение строительно-монтажных работ / Отделочные работы / Монтаж оборудования / Монтируемое оборудование / Театральное оборудование, оборудование сцены (с учетом монтажа)",C07,none,False,False,
R346,346,,"Светотехническое оборудование, с учетом монтажа","Выполнение строительно-монтажных работ / Отделочные работы / Монтаж оборудования / Монтируемое оборудование / Светотехническое оборудование, с учетом монтажа",C07,none,False,False,
R347,347,,"Торгово-технологическое оборудование, с учетом монтажа","Выполнение строительно-монтажных работ / Отделочные работы / Монтаж оборудования / Монтируемое оборудование / Торгово-технологическое оборудование, с учетом монтажа",C07,none,False,False,
R348,348,12.6.13.2,Немонтируемое оборудование,Выполнение строительно-монтажных работ / Отделочные работы / Монтаж оборудования / Немонтируемое оборудование,C07,none,True,False,
R349,349,,"Инструмент медицинский, расходные материалы (не облагаемое НДС)","Выполнение строительно-монтажных работ / Отделочные работы / Монтаж оборудования / Немонтируемое оборудование / Инструмент медицинский, расходные материалы (не облагаемое НДС)",C07,none,False,False,
R350,350,,"Инструмент медицинский, расходные материалы","Выполнение строительно-монтажных работ / Отделочные работы / Монтаж оборудования / Немонтируемое оборудование / Инструмент медицинский, расходные материалы",C07,none,False,False,
R351,351,,Хозяйственный инвентарь,Выполнение строительно-монтажных работ / Отделочные работы / Монтаж оборудования / Немонтируемое оборудование / Хозяйственный инвентарь,C07,none,False,False,
R352,352,12.7,Благоустройство территории,Выполнение строительно-монтажных работ / Благоустройство территории,C08,road,True,True,
R353,353,12.7.1,Устройство проездов и тротуаров,Выполнение строительно-монтажных работ / Благоустройство территории / Устройство проездов и тротуаров,C08,road,True,False,
R354,354,,"Устройство асфальтобетонного покрытия проездов, тротуаров, площадок с установкой бортового камня","Выполнение строительно-монтажных работ / Благоустройство территории / Устройство проездов и тротуаров / Устройство асфальтобетонного покрытия проездов, тротуаров, площадок с установкой бортового камня",C08,road,False,False,
R355,355,,Устройство покрытий из тротуарной плитки с установкой бортового камня,Выполнение строительно-монтажных работ / Благоустройство территории / Устройство проездов и тротуаров / Устройство покрытий из тротуарной плитки с установкой бортового камня,C08,none,False,False,
R356,356,,Устройство бетонных покрытий (отмостка),Выполнение строительно-монтажных работ / Благоустройство территории / Устройство проездов и тротуаров / Устройство бетонных покрытий (отмостка),C08,concrete,False,False,
R357,357,,Устройство площадок с покрытием из резиновой крошки,Выполнение строительно-монтажных работ / Благоустройство территории / Устройство проездов и тротуаров / Устройство площадок с покрытием из резиновой крошки,C08,none,False,False,
R358,358,,Установка водоотводных лотков,Выполнение строительно-монтажных работ / Благоустройство территории / Устройство проездов и тротуаров / Установка водоотводных лотков,C08,none,False,False,
R359,359,,Устройство подпорных стен,Выполнение строительно-монтажных работ / Благоустройство территории / Устройство проездов и тротуаров / Устройство подпорных стен,C08,concrete_cycle,False,False,
R360,360,,"Обустройство дорог: установка знаков, нанесение разметки","Выполнение строительно-монтажных работ / Благоустройство территории / Устройство проездов и тротуаров / Обустройство дорог: установка знаков, нанесение разметки",C08,none,False,False,
R361,361,12.7.2,Озеленение,Выполнение строительно-монтажных работ / Благоустройство территории / Озеленение,C08,none,True,False,
R362,362,,Устройство газона рулонного,Выполнение строительно-монтажных работ / Благоустройство территории / Озеленение / Устройство газона рулонного,C08,none,False,False,
R363,363,,Устройство газона посевного,Выполнение строительно-монтажных работ / Благоустройство территории / Озеленение / Устройство газона посевного,C08,none,False,False,
R364,364,,Устройство цветников,Выполнение строительно-монтажных работ / Благоустройство территории / Озеленение / Устройство цветников,C08,none,False,False,
R365,365,,Посадка деревьев,Выполнение строительно-монтажных работ / Благоустройство территории / Озеленение / Посадка деревьев,C08,none,False,False,
R366,366,,Посадка кустарников,Выполнение строительно-монтажных работ / Благоустройство территории / Озеленение / Посадка кустарников,C08,none,False,False,
R367,367,12.7.3,Установка МАФов,Выполнение строительно-монтажных работ / Благоустройство территории / Установка МАФов,C08,none,False,False,
R368,368,12.7.4,Вертикальная планировка,Выполнение строительно-монтажных работ / Благоустройство территории / Вертикальная планировка,C08,earth,True,False,
R369,369,,Устройство насыпи,Выполнение строительно-монтажных работ / Благоустройство территории / Вертикальная планировка / Устройство насыпи,C08,earth,False,False,
R370,370,,Устройство выемки,Выполнение строительно-монтажных работ / Благоустройство территории / Вертикальная планировка / Устройство выемки,C08,earth,False,False,
R371,371,12.7.5,Посадка зеленых насаждений,Выполнение строительно-монтажных работ / Благоустройство территории / Посадка зеленых насаждений,C08,none,False,False,
R372,372,12.7.6,Ограждение территории,Выполнение строительно-монтажных работ / Благоустройство территории / Ограждение территории,C08,none,True,False,
R373,373,,"Ограждение территории, в т.ч. ворота, калитки, шлагбаумы","Выполнение строительно-монтажных работ / Благоустройство территории / Ограждение территории / Ограждение территории, в т.ч. ворота, калитки, шлагбаумы",C08,none,False,False,
R374,374,,Ограждение спортивной площадки,Выполнение строительно-монтажных работ / Благоустройство территории / Ограждение территории / Ограждение спортивной площадки,C08,none,False,False,
R375,375,12.7.7,Устройство пешеходных зон и тротуаров,Выполнение строительно-монтажных работ / Благоустройство территории / Устройство пешеходных зон и тротуаров,C08,road,True,False,
R376,376,,Наружное освещение,Выполнение строительно-монтажных работ / Благоустройство территории / Устройство пешеходных зон и тротуаров / Наружное освещение,C06,network,False,False,
R377,377,,Прокладка кабеля,Выполнение строительно-монтажных работ / Благоустройство территории / Устройство пешеходных зон и тротуаров / Прокладка кабеля,C06,none,False,False,Кабель может прокладываться вручную.
R378,378,,Устройство фундаментов опор,Выполнение строительно-монтажных работ / Благоустройство территории / Устройство пешеходных зон и тротуаров / Устройство фундаментов опор,C08,concrete,False,False,
R379,379,,Установка опор,Выполнение строительно-монтажных работ / Благоустройство территории / Устройство пешеходных зон и тротуаров / Установка опор,C08,lift,False,False,
R380,380,,Архитектурно-художественная подсветка здания,Выполнение строительно-монтажных работ / Благоустройство территории / Устройство пешеходных зон и тротуаров / Архитектурно-художественная подсветка здания,C07,none,False,False,
